
INSERT INTO users (user_id, username, password, enabled) VALUES
(DEFAULT, 'testuser1', 'password1', true),
(DEFAULT, 'testuser2', 'password2', true),
(DEFAULT, 'testuser3', 'password3', true),
(DEFAULT, 'testuser4', 'password4', false),
(DEFAULT, 'testuser5', 'password5', true),
(DEFAULT, 'testuser6', 'password6', false),
(DEFAULT, 'testuser7', 'password7', true),
(DEFAULT, 'testuser8', 'password8', true),
(DEFAULT, 'testuser9', 'password9', false),
(DEFAULT, 'testuser10', 'password10', true),
(DEFAULT, 'testuser11', 'password11', true),
(DEFAULT, 'testuser12', 'password12', false),
(DEFAULT, 'testuser13', 'password13', true),
(DEFAULT, 'testuser14', 'password14', true),
(DEFAULT, 'testuser15', 'password15', false);

INSERT INTO authorities (username, authority) VALUES
('testuser1', 'temp'),
('testuser2', 'temp'),
('testuser3', 'temp'),
('testuser4', 'temp'),
('testuser5', 'temp'),
('testuser6', 'temp'),
('testuser7', 'temp'),
('testuser8', 'temp'),
('testuser9', 'temp'),
('testuser10', 'temp'),
('testuser11', 'temp'),
('testuser12', 'temp'),
('testuser13', 'temp'),
('testuser14', 'temp'),
('testuser15', 'temp');

INSERT INTO meals (meal_id, user_id, meal_name, date, meal_type) VALUES
(DEFAULT, 1, 'Pancakes', '2024-11-01', 'breakfast'),
(DEFAULT, 2, 'Chicken Salad', '2024-11-02', 'lunch'),
(DEFAULT, 3, 'Spaghetti', '2024-11-03', 'dinner'),
(DEFAULT, 4, 'Granola Bar', '2024-11-04', 'snack'),
(DEFAULT, 5, 'Oatmeal', '2024-11-05', 'breakfast'),
(DEFAULT, 6, 'Grilled Cheese', '2024-11-06', 'lunch'),
(DEFAULT, 7, 'Steak', '2024-11-07', 'dinner'),
(DEFAULT, 8, 'Yogurt', '2024-11-08', 'snack'),
(DEFAULT, 9, 'Bagel', '2024-11-09', 'breakfast'),
(DEFAULT, 10, 'Caesar Salad', '2024-11-10', 'lunch'),
(DEFAULT, 11, 'Pizza', '2024-11-11', 'dinner'),
(DEFAULT, 12, 'Protein Shake', '2024-11-12', 'snack'),
(DEFAULT, 13, 'Egg Sandwich', '2024-11-13', 'breakfast'),
(DEFAULT, 14, 'Soup', '2024-11-14', 'lunch'),
(DEFAULT, 15, 'Roast Chicken', '2024-11-15', 'dinner');

INSERT INTO foods (food_id, user_id, food_name, calories, carbs, fats, protein) VALUES
(DEFAULT, 1, 'Pancakes', 350, 70, 5, 8),
(DEFAULT, 2, 'Chicken Breast', 165, 0, 3, 31),
(DEFAULT, 3, 'Spaghetti Noodles', 220, 43, 2, 8),
(DEFAULT, 4, 'Granola Bar', 150, 27, 5, 3),
(DEFAULT, 5, 'Oatmeal', 150, 27, 3, 5),
(DEFAULT, 6, 'Cheddar Cheese', 113, 0, 9, 7),
(DEFAULT, 7, 'Steak', 679, 0, 48, 62),
(DEFAULT, 8, 'Yogurt', 100, 19, 0, 6),
(DEFAULT, 9, 'Bagel', 245, 48, 1, 9),
(DEFAULT, 10, 'Romaine Lettuce', 8, 1, 0, 1),
(DEFAULT, 11, 'Pizza Dough', 265, 33, 10, 9),
(DEFAULT, 12, 'Protein Powder', 120, 2, 1, 25),
(DEFAULT, 13, 'Eggs', 155, 1, 11, 13),
(DEFAULT, 14, 'Chicken Broth', 15, 1, 0, 1),
(DEFAULT, 15, 'Roast Chicken', 250, 0, 10, 25);

INSERT INTO meal_foods (meal_food_id, meal_id, food_id, quantity) VALUES
(DEFAULT, 1, 1, 1),
(DEFAULT, 2, 2, 1),
(DEFAULT, 3, 3, 3),
(DEFAULT, 4, 4, 4),
(DEFAULT, 5, 5, 5),
(DEFAULT, 6, 6, 6),
(DEFAULT, 7, 7, 7),
(DEFAULT, 8, 8, 8),
(DEFAULT, 9, 9, 9),
(DEFAULT, 10, 10, 10),
(DEFAULT, 11, 11, 11),
(DEFAULT, 12, 12, 12),
(DEFAULT, 13, 13, 13),
(DEFAULT, 14, 14, 14),
(DEFAULT, 15, 15, 15);
